pdb,dG_pred,affinity,mlengine,total_atoms,processing_time,cms,dslf_fa13,fa_atr,fa_dun_dev,fa_dun_rot,fa_dun_semi,fa_elec,fa_intra_atr_xover4,fa_intra_elec,fa_intra_rep_xover4,fa_intra_sol_xover4,fa_rep,fa_sol,hbond_bb_sc,hbond_lr_bb,hbond_sc,hbond_sr_bb,hxl_tors,ifa_complex_normalized,ifa_dG_cross,ifa_dG_cross_dSASAx100,ifa_dG_separated,ifa_dG_separated_dSASAx100,ifa_dSASA_hphobic,ifa_dSASA_int,ifa_dSASA_polar,ifa_delta_unsatHbonds,ifa_hbond_E_fraction,ifa_hbonds_int,ifa_nres_all,ifa_nres_int,ifa_packstat,ifa_per_residue_energy_int,ifa_sc_value,ifa_side1_normalized,ifa_side1_score,ifa_side2_normalized,ifa_side2_score,interaction_energy,lk_ball,lk_ball_bridge,lk_ball_bridge_uncpl,lk_ball_iso,omega,p_aa_pp,pro_close,rama_prepro,ref,total_score
1m2z,-8.147569936474387,1.065265e-06,sl,9036,420.480183839798,-1.0,0.0,-3310.0745731144634,128.06536168545153,405.21386725461747,511.3028445249746,-914.5013306917988,-222.82506390960157,-100.30339544993151,98.3081024361052,140.4302038283148,389.73921637059675,2419.791443239036,-83.57073784137832,-23.122191644328645,-47.85303682982646,-318.93592881363367,120.32941682867087,-1.603652834892273,0.0,0.0,-12.422052383422852,-1.1650075912475586,508.5270690917969,1066.263671875,557.7366333007812,7.0,0.38974326848983765,4.0,550.0,47.0,0.48655128479003906,-1.5996372699737549,0.5266808867454529,-1.7890472412109375,-41.14808654785156,-1.4181194305419922,-34.03486633300781,0.0,1269.1937376373223,-4.003967742508107,-26.741757505865507,-1323.1947544934005,41.484680666114436,-79.63004390493211,9.341818942429583,172.10141492359014,-132.55435599999979,-882.0090296044447
