pdb,dG_pred,affinity,mlengine,total_atoms,processing_time,cms,dslf_fa13,fa_atr,fa_dun_dev,fa_dun_rot,fa_dun_semi,fa_elec,fa_intra_atr_xover4,fa_intra_elec,fa_intra_rep_xover4,fa_intra_sol_xover4,fa_rep,fa_sol,hbond_bb_sc,hbond_lr_bb,hbond_sc,hbond_sr_bb,hxl_tors,ifa_complex_normalized,ifa_dG_cross,ifa_dG_cross_dSASAx100,ifa_dG_separated,ifa_dG_separated_dSASAx100,ifa_dSASA_hphobic,ifa_dSASA_int,ifa_dSASA_polar,ifa_delta_unsatHbonds,ifa_hbond_E_fraction,ifa_hbonds_int,ifa_nres_all,ifa_nres_int,ifa_packstat,ifa_per_residue_energy_int,ifa_sc_value,ifa_side1_normalized,ifa_side1_score,ifa_side2_normalized,ifa_side2_score,interaction_energy,lk_ball,lk_ball_bridge,lk_ball_bridge_uncpl,lk_ball_iso,omega,p_aa_pp,pro_close,rama_prepro,ref,total_score
1xgu,-11.389848436222623,4.474233e-09,sl,8311,335.42165875434875,528.0199584960938,-4.52175644663006,-3107.3088449126453,90.10280034871994,284.34986953525623,411.0522554413792,-998.8486124986968,-164.43440531185627,-148.6432308629983,73.02508904087478,109.16188988801422,353.9030380906143,2118.8558774267663,-123.01118906573413,-253.9320542829478,-78.26556112940327,-106.23897401203035,211.10029276690008,-2.760772466659546,0.0,0.0,-52.73881912231445,-2.97417950630188,797.06591796875,1773.222412109375,976.156494140625,8.0,0.3099861145019531,13.0,553.0,65.0,0.6410649418830872,-2.520568370819092,0.7104418873786926,-2.453169107437134,-85.86091613769531,-2.599200963973999,-77.97602844238281,-51.63290430305815,1166.3944379199181,-5.088852892577895,-38.15836494822756,-1199.287627570531,28.818757757797425,-122.66078487881299,4.26618436930153,93.9491754322135,-121.28664600000027,-1526.7072367953365
