pdb,dG_pred,affinity,mlengine,total_atoms,processing_time,cms,dslf_fa13,fa_atr,fa_dun_dev,fa_dun_rot,fa_dun_semi,fa_elec,fa_intra_atr_xover4,fa_intra_elec,fa_intra_rep_xover4,fa_intra_sol_xover4,fa_rep,fa_sol,hbond_bb_sc,hbond_lr_bb,hbond_sc,hbond_sr_bb,hxl_tors,ifa_complex_normalized,ifa_dG_cross,ifa_dG_cross_dSASAx100,ifa_dG_separated,ifa_dG_separated_dSASAx100,ifa_dSASA_hphobic,ifa_dSASA_int,ifa_dSASA_polar,ifa_delta_unsatHbonds,ifa_hbond_E_fraction,ifa_hbonds_int,ifa_nres_all,ifa_nres_int,ifa_packstat,ifa_per_residue_energy_int,ifa_sc_value,ifa_side1_normalized,ifa_side1_score,ifa_side2_normalized,ifa_side2_score,interaction_energy,lk_ball,lk_ball_bridge,lk_ball_bridge_uncpl,lk_ball_iso,omega,p_aa_pp,pro_close,rama_prepro,ref,total_score
fold_test2_model_0,-9.267127521570588,1.609794e-07,sl,5043,172.82484364509583,802.5909423828125,0.0,-1904.3998946000554,35.43203626768984,124.46410785495029,207.54472416558784,-630.6963408344225,-101.27627654847073,-59.96097364864041,42.258189480621255,48.4392085829434,168.42733337848628,1361.8970697481145,-21.110624063068233,-2.753004465690874,-24.219380850617696,-279.6415634667777,72.11017751961055,-2.1111483573913574,-94.11141204833984,-3.245368003845215,-94.11141204833984,-3.245368003845215,2418.64892578125,2899.86865234375,481.21978759765625,7.0,0.03366616740822792,3.0,335.0,116.0,0.5426795482635498,-2.4737565517425537,0.6603381633758545,-2.37805438041687,-142.68325805664062,-2.5762946605682373,-144.2725067138672,-94.11141417874171,782.243169573166,-1.6001298150299552,-12.229854722383342,-791.0074806611835,50.677409745577755,-37.77650096361474,2.6182696534883307,89.61620553193501,173.70945400000016,-707.2346691377836
